epoch,time,train/box_loss,train/cls_loss,train/dfl_loss,metrics/precision(B),metrics/recall(B),metrics/mAP50(B),metrics/mAP50-95(B),val/box_loss,val/cls_loss,val/dfl_loss,lr/pg0,lr/pg1,lr/pg2
1,1.26821,0,15.1137,0,0,0,0,0,0,10.7813,0,0,0,0
2,2.44937,0,15.1194,0,0,0,0,0,0,10.7875,0,1.802e-05,1.802e-05,1.802e-05
3,3.53366,0,15.0995,0,0,0,0,0,0,10.7942,0,3.208e-05,3.208e-05,3.208e-05
4,4.62829,0,14.9883,0,0,0,0,0,0,10.8017,0,4.218e-05,4.218e-05,4.218e-05
5,5.75462,0,14.8919,0,0,0,0,0,0,10.8084,0,4.832e-05,4.832e-05,4.832e-05
6,6.83358,0,14.8199,0,0,0,0,0,0,10.8132,0,5.05e-05,5.05e-05,5.05e-05
7,7.9764,0,14.7227,0,0,0,0,0,0,10.8161,0,4.872e-05,4.872e-05,4.872e-05
8,9.00408,0,14.6826,0,0,0,0,0,0,10.8184,0,4.298e-05,4.298e-05,4.298e-05
9,10.0416,0,14.621,0,0,0,0,0,0,10.8204,0,3.328e-05,3.328e-05,3.328e-05
10,11.1452,0,14.5878,0,0,0,0,0,0,10.8226,0,1.962e-05,1.962e-05,1.962e-05
